detection,pixels,snapshot,time
1,7427,/afs/ec.auckland.ac.nz/users/z/c/zcol623/unixhome/detection_1.png,1775528411.74
2,6712,/afs/ec.auckland.ac.nz/users/z/c/zcol623/unixhome/detection_2.png,1775528411.93
3,6909,/afs/ec.auckland.ac.nz/users/z/c/zcol623/unixhome/detection_3.png,1775528412.13
4,6133,/afs/ec.auckland.ac.nz/users/z/c/zcol623/unixhome/detection_4.png,1775528412.33
5,5535,/afs/ec.auckland.ac.nz/users/z/c/zcol623/unixhome/detection_5.png,1775528412.54
6,5457,/afs/ec.auckland.ac.nz/users/z/c/zcol623/unixhome/detection_6.png,1775528412.73
7,5627,/afs/ec.auckland.ac.nz/users/z/c/zcol623/unixhome/detection_7.png,1775528412.93
8,6200,/afs/ec.auckland.ac.nz/users/z/c/zcol623/unixhome/detection_8.png,1775528413.13
9,6571,/afs/ec.auckland.ac.nz/users/z/c/zcol623/unixhome/detection_9.png,1775528413.34
10,6521,/afs/ec.auckland.ac.nz/users/z/c/zcol623/unixhome/detection_10.png,1775528413.54
11,6705,/afs/ec.auckland.ac.nz/users/z/c/zcol623/unixhome/detection_11.png,1775528413.73
12,6868,/afs/ec.auckland.ac.nz/users/z/c/zcol623/unixhome/detection_12.png,1775528413.93
13,6957,/afs/ec.auckland.ac.nz/users/z/c/zcol623/unixhome/detection_13.png,1775528414.13
14,6919,/afs/ec.auckland.ac.nz/users/z/c/zcol623/unixhome/detection_14.png,1775528414.34
15,7051,/afs/ec.auckland.ac.nz/users/z/c/zcol623/unixhome/detection_15.png,1775528414.53
16,6930,/afs/ec.auckland.ac.nz/users/z/c/zcol623/unixhome/detection_16.png,1775528414.73
17,6955,/afs/ec.auckland.ac.nz/users/z/c/zcol623/unixhome/detection_17.png,1775528414.93
18,6889,/afs/ec.auckland.ac.nz/users/z/c/zcol623/unixhome/detection_18.png,1775528415.13
19,6889,/afs/ec.auckland.ac.nz/users/z/c/zcol623/unixhome/detection_19.png,1775528415.33
20,6905,/afs/ec.auckland.ac.nz/users/z/c/zcol623/unixhome/detection_20.png,1775528415.53
21,6885,/afs/ec.auckland.ac.nz/users/z/c/zcol623/unixhome/detection_21.png,1775528415.73
22,6937,/afs/ec.auckland.ac.nz/users/z/c/zcol623/unixhome/detection_22.png,1775528415.93
23,6950,/afs/ec.auckland.ac.nz/users/z/c/zcol623/unixhome/detection_23.png,1775528416.13
24,7002,/afs/ec.auckland.ac.nz/users/z/c/zcol623/unixhome/detection_24.png,1775528416.33
25,6902,/afs/ec.auckland.ac.nz/users/z/c/zcol623/unixhome/detection_25.png,1775528416.53
26,6561,/afs/ec.auckland.ac.nz/users/z/c/zcol623/unixhome/detection_26.png,1775528416.73
27,5913,/afs/ec.auckland.ac.nz/users/z/c/zcol623/unixhome/detection_27.png,1775528416.93
28,5811,/afs/ec.auckland.ac.nz/users/z/c/zcol623/unixhome/detection_28.png,1775528417.13
29,6231,/afs/ec.auckland.ac.nz/users/z/c/zcol623/unixhome/detection_29.png,1775528417.33
30,5855,/afs/ec.auckland.ac.nz/users/z/c/zcol623/unixhome/detection_30.png,1775528417.53
31,4852,/afs/ec.auckland.ac.nz/users/z/c/zcol623/unixhome/detection_31.png,1775528417.73
32,5712,/afs/ec.auckland.ac.nz/users/z/c/zcol623/unixhome/detection_32.png,1775528417.93
33,6016,/afs/ec.auckland.ac.nz/users/z/c/zcol623/unixhome/detection_33.png,1775528418.12
34,5624,/afs/ec.auckland.ac.nz/users/z/c/zcol623/unixhome/detection_34.png,1775528418.33
35,3411,/afs/ec.auckland.ac.nz/users/z/c/zcol623/unixhome/detection_35.png,1775528418.53
36,3927,/afs/ec.auckland.ac.nz/users/z/c/zcol623/unixhome/detection_36.png,1775528418.73
37,4555,/afs/ec.auckland.ac.nz/users/z/c/zcol623/unixhome/detection_37.png,1775528418.93
38,5273,/afs/ec.auckland.ac.nz/users/z/c/zcol623/unixhome/detection_38.png,1775528419.13
39,4735,/afs/ec.auckland.ac.nz/users/z/c/zcol623/unixhome/detection_39.png,1775528419.33
40,4463,/afs/ec.auckland.ac.nz/users/z/c/zcol623/unixhome/detection_40.png,1775528419.53
41,4639,/afs/ec.auckland.ac.nz/users/z/c/zcol623/unixhome/detection_41.png,1775528419.73
42,4596,/afs/ec.auckland.ac.nz/users/z/c/zcol623/unixhome/detection_42.png,1775528419.93
43,5506,/afs/ec.auckland.ac.nz/users/z/c/zcol623/unixhome/detection_43.png,1775528420.13
44,5400,/afs/ec.auckland.ac.nz/users/z/c/zcol623/unixhome/detection_44.png,1775528420.33
45,6754,/afs/ec.auckland.ac.nz/users/z/c/zcol623/unixhome/detection_45.png,1775528420.53
46,3674,/afs/ec.auckland.ac.nz/users/z/c/zcol623/unixhome/detection_46.png,1775528420.73
47,508,/afs/ec.auckland.ac.nz/users/z/c/zcol623/unixhome/detection_47.png,1775528421.13
48,1326,/afs/ec.auckland.ac.nz/users/z/c/zcol623/unixhome/detection_48.png,1775528434.13
49,1126,/afs/ec.auckland.ac.nz/users/z/c/zcol623/unixhome/detection_49.png,1775528434.33
50,924,/afs/ec.auckland.ac.nz/users/z/c/zcol623/unixhome/detection_50.png,1775528434.53
51,935,/afs/ec.auckland.ac.nz/users/z/c/zcol623/unixhome/detection_51.png,1775528434.72
52,921,/afs/ec.auckland.ac.nz/users/z/c/zcol623/unixhome/detection_52.png,1775528434.93
53,903,/afs/ec.auckland.ac.nz/users/z/c/zcol623/unixhome/detection_53.png,1775528435.13
54,918,/afs/ec.auckland.ac.nz/users/z/c/zcol623/unixhome/detection_54.png,1775528435.33
55,895,/afs/ec.auckland.ac.nz/users/z/c/zcol623/unixhome/detection_55.png,1775528435.53
56,915,/afs/ec.auckland.ac.nz/users/z/c/zcol623/unixhome/detection_56.png,1775528435.73
57,860,/afs/ec.auckland.ac.nz/users/z/c/zcol623/unixhome/detection_57.png,1775528435.93
58,853,/afs/ec.auckland.ac.nz/users/z/c/zcol623/unixhome/detection_58.png,1775528436.13
59,871,/afs/ec.auckland.ac.nz/users/z/c/zcol623/unixhome/detection_59.png,1775528436.33
60,913,/afs/ec.auckland.ac.nz/users/z/c/zcol623/unixhome/detection_60.png,1775528436.53
61,887,/afs/ec.auckland.ac.nz/users/z/c/zcol623/unixhome/detection_61.png,1775528436.73
62,834,/afs/ec.auckland.ac.nz/users/z/c/zcol623/unixhome/detection_62.png,1775528436.93
63,876,/afs/ec.auckland.ac.nz/users/z/c/zcol623/unixhome/detection_63.png,1775528437.13
64,921,/afs/ec.auckland.ac.nz/users/z/c/zcol623/unixhome/detection_64.png,1775528437.32
65,967,/afs/ec.auckland.ac.nz/users/z/c/zcol623/unixhome/detection_65.png,1775528437.52
66,956,/afs/ec.auckland.ac.nz/users/z/c/zcol623/unixhome/detection_66.png,1775528437.73
67,887,/afs/ec.auckland.ac.nz/users/z/c/zcol623/unixhome/detection_67.png,1775528437.93
68,866,/afs/ec.auckland.ac.nz/users/z/c/zcol623/unixhome/detection_68.png,1775528438.13
69,867,/afs/ec.auckland.ac.nz/users/z/c/zcol623/unixhome/detection_69.png,1775528438.33
70,878,/afs/ec.auckland.ac.nz/users/z/c/zcol623/unixhome/detection_70.png,1775528438.53
71,879,/afs/ec.auckland.ac.nz/users/z/c/zcol623/unixhome/detection_71.png,1775528438.73
72,926,/afs/ec.auckland.ac.nz/users/z/c/zcol623/unixhome/detection_72.png,1775528438.93
73,902,/afs/ec.auckland.ac.nz/users/z/c/zcol623/unixhome/detection_73.png,1775528439.13
74,888,/afs/ec.auckland.ac.nz/users/z/c/zcol623/unixhome/detection_74.png,1775528439.33
75,1083,/afs/ec.auckland.ac.nz/users/z/c/zcol623/unixhome/detection_75.png,1775528439.53
76,4338,/afs/ec.auckland.ac.nz/users/z/c/zcol623/unixhome/detection_76.png,1775528439.73
77,2812,/afs/ec.auckland.ac.nz/users/z/c/zcol623/unixhome/detection_77.png,1775528439.93
78,2955,/afs/ec.auckland.ac.nz/users/z/c/zcol623/unixhome/detection_78.png,1775528440.13
79,3205,/afs/ec.auckland.ac.nz/users/z/c/zcol623/unixhome/detection_79.png,1775528440.33
80,3199,/afs/ec.auckland.ac.nz/users/z/c/zcol623/unixhome/detection_80.png,1775528440.53
81,5939,/afs/ec.auckland.ac.nz/users/z/c/zcol623/unixhome/detection_81.png,1775528440.73
82,6285,/afs/ec.auckland.ac.nz/users/z/c/zcol623/unixhome/detection_82.png,1775528440.93
83,9235,/afs/ec.auckland.ac.nz/users/z/c/zcol623/unixhome/detection_83.png,1775528441.13
84,6683,/afs/ec.auckland.ac.nz/users/z/c/zcol623/unixhome/detection_84.png,1775528441.33
85,4740,/afs/ec.auckland.ac.nz/users/z/c/zcol623/unixhome/detection_85.png,1775528441.53
86,5093,/afs/ec.auckland.ac.nz/users/z/c/zcol623/unixhome/detection_86.png,1775528441.73
87,5849,/afs/ec.auckland.ac.nz/users/z/c/zcol623/unixhome/detection_87.png,1775528441.93
88,6496,/afs/ec.auckland.ac.nz/users/z/c/zcol623/unixhome/detection_88.png,1775528442.13
89,5196,/afs/ec.auckland.ac.nz/users/z/c/zcol623/unixhome/detection_89.png,1775528442.33
90,7000,/afs/ec.auckland.ac.nz/users/z/c/zcol623/unixhome/detection_90.png,1775528442.53
91,5376,/afs/ec.auckland.ac.nz/users/z/c/zcol623/unixhome/detection_91.png,1775528442.73
92,4743,/afs/ec.auckland.ac.nz/users/z/c/zcol623/unixhome/detection_92.png,1775528442.93
93,5429,/afs/ec.auckland.ac.nz/users/z/c/zcol623/unixhome/detection_93.png,1775528443.12
94,7029,/afs/ec.auckland.ac.nz/users/z/c/zcol623/unixhome/detection_94.png,1775528443.33
95,7428,/afs/ec.auckland.ac.nz/users/z/c/zcol623/unixhome/detection_95.png,1775528443.53
96,7732,/afs/ec.auckland.ac.nz/users/z/c/zcol623/unixhome/detection_96.png,1775528443.72
97,4613,/afs/ec.auckland.ac.nz/users/z/c/zcol623/unixhome/detection_97.png,1775528443.96
98,2474,/afs/ec.auckland.ac.nz/users/z/c/zcol623/unixhome/detection_98.png,1775528444.13
99,2675,/afs/ec.auckland.ac.nz/users/z/c/zcol623/unixhome/detection_99.png,1775528444.33
100,2956,/afs/ec.auckland.ac.nz/users/z/c/zcol623/unixhome/detection_100.png,1775528444.53
101,3680,/afs/ec.auckland.ac.nz/users/z/c/zcol623/unixhome/detection_101.png,1775528444.73
102,3976,/afs/ec.auckland.ac.nz/users/z/c/zcol623/unixhome/detection_102.png,1775528444.93
103,4288,/afs/ec.auckland.ac.nz/users/z/c/zcol623/unixhome/detection_103.png,1775528445.13
104,3918,/afs/ec.auckland.ac.nz/users/z/c/zcol623/unixhome/detection_104.png,1775528445.33
105,3685,/afs/ec.auckland.ac.nz/users/z/c/zcol623/unixhome/detection_105.png,1775528445.53
106,3493,/afs/ec.auckland.ac.nz/users/z/c/zcol623/unixhome/detection_106.png,1775528445.73
107,3948,/afs/ec.auckland.ac.nz/users/z/c/zcol623/unixhome/detection_107.png,1775528445.93
108,3664,/afs/ec.auckland.ac.nz/users/z/c/zcol623/unixhome/detection_108.png,1775528446.55
109,3655,/afs/ec.auckland.ac.nz/users/z/c/zcol623/unixhome/detection_109.png,1775528446.59
110,3507,/afs/ec.auckland.ac.nz/users/z/c/zcol623/unixhome/detection_110.png,1775528446.63
111,3550,/afs/ec.auckland.ac.nz/users/z/c/zcol623/unixhome/detection_111.png,1775528446.73
112,3507,/afs/ec.auckland.ac.nz/users/z/c/zcol623/unixhome/detection_112.png,1775528446.94
113,3121,/afs/ec.auckland.ac.nz/users/z/c/zcol623/unixhome/detection_113.png,1775528447.13
114,2974,/afs/ec.auckland.ac.nz/users/z/c/zcol623/unixhome/detection_114.png,1775528447.32
115,3007,/afs/ec.auckland.ac.nz/users/z/c/zcol623/unixhome/detection_115.png,1775528447.53
116,2943,/afs/ec.auckland.ac.nz/users/z/c/zcol623/unixhome/detection_116.png,1775528447.73
117,2999,/afs/ec.auckland.ac.nz/users/z/c/zcol623/unixhome/detection_117.png,1775528447.93
118,2974,/afs/ec.auckland.ac.nz/users/z/c/zcol623/unixhome/detection_118.png,1775528448.13
119,3034,/afs/ec.auckland.ac.nz/users/z/c/zcol623/unixhome/detection_119.png,1775528448.33
120,3330,/afs/ec.auckland.ac.nz/users/z/c/zcol623/unixhome/detection_120.png,1775528448.53
121,3780,/afs/ec.auckland.ac.nz/users/z/c/zcol623/unixhome/detection_121.png,1775528448.73
122,3757,/afs/ec.auckland.ac.nz/users/z/c/zcol623/unixhome/detection_122.png,1775528448.93
123,4366,/afs/ec.auckland.ac.nz/users/z/c/zcol623/unixhome/detection_123.png,1775528449.13
124,3654,/afs/ec.auckland.ac.nz/users/z/c/zcol623/unixhome/detection_124.png,1775528449.33
125,4018,/afs/ec.auckland.ac.nz/users/z/c/zcol623/unixhome/detection_125.png,1775528449.53
126,5164,/afs/ec.auckland.ac.nz/users/z/c/zcol623/unixhome/detection_126.png,1775528449.73
127,5224,/afs/ec.auckland.ac.nz/users/z/c/zcol623/unixhome/detection_127.png,1775528449.93
128,5402,/afs/ec.auckland.ac.nz/users/z/c/zcol623/unixhome/detection_128.png,1775528450.13
129,4906,/afs/ec.auckland.ac.nz/users/z/c/zcol623/unixhome/detection_129.png,1775528450.33
130,5365,/afs/ec.auckland.ac.nz/users/z/c/zcol623/unixhome/detection_130.png,1775528450.53
131,6980,/afs/ec.auckland.ac.nz/users/z/c/zcol623/unixhome/detection_131.png,1775528450.73
132,6689,/afs/ec.auckland.ac.nz/users/z/c/zcol623/unixhome/detection_132.png,1775528450.93
133,4960,/afs/ec.auckland.ac.nz/users/z/c/zcol623/unixhome/detection_133.png,1775528451.14
134,5825,/afs/ec.auckland.ac.nz/users/z/c/zcol623/unixhome/detection_134.png,1775528451.33
135,5545,/afs/ec.auckland.ac.nz/users/z/c/zcol623/unixhome/detection_135.png,1775528451.52
136,5433,/afs/ec.auckland.ac.nz/users/z/c/zcol623/unixhome/detection_136.png,1775528451.73
137,5015,/afs/ec.auckland.ac.nz/users/z/c/zcol623/unixhome/detection_137.png,1775528451.93
138,4454,/afs/ec.auckland.ac.nz/users/z/c/zcol623/unixhome/detection_138.png,1775528452.13
139,4304,/afs/ec.auckland.ac.nz/users/z/c/zcol623/unixhome/detection_139.png,1775528452.33
140,4580,/afs/ec.auckland.ac.nz/users/z/c/zcol623/unixhome/detection_140.png,1775528452.53
141,5137,/afs/ec.auckland.ac.nz/users/z/c/zcol623/unixhome/detection_141.png,1775528452.73
142,4932,/afs/ec.auckland.ac.nz/users/z/c/zcol623/unixhome/detection_142.png,1775528452.93
143,4932,/afs/ec.auckland.ac.nz/users/z/c/zcol623/unixhome/detection_143.png,1775528453.13
144,5585,/afs/ec.auckland.ac.nz/users/z/c/zcol623/unixhome/detection_144.png,1775528453.33
145,5577,/afs/ec.auckland.ac.nz/users/z/c/zcol623/unixhome/detection_145.png,1775528453.53
146,6295,/afs/ec.auckland.ac.nz/users/z/c/zcol623/unixhome/detection_146.png,1775528453.73
147,6299,/afs/ec.auckland.ac.nz/users/z/c/zcol623/unixhome/detection_147.png,1775528453.94
148,6160,/afs/ec.auckland.ac.nz/users/z/c/zcol623/unixhome/detection_148.png,1775528454.14
149,6124,/afs/ec.auckland.ac.nz/users/z/c/zcol623/unixhome/detection_149.png,1775528454.34
150,6108,/afs/ec.auckland.ac.nz/users/z/c/zcol623/unixhome/detection_150.png,1775528454.54
151,6076,/afs/ec.auckland.ac.nz/users/z/c/zcol623/unixhome/detection_151.png,1775528454.74
152,6126,/afs/ec.auckland.ac.nz/users/z/c/zcol623/unixhome/detection_152.png,1775528454.93
153,6087,/afs/ec.auckland.ac.nz/users/z/c/zcol623/unixhome/detection_153.png,1775528455.14
154,6126,/afs/ec.auckland.ac.nz/users/z/c/zcol623/unixhome/detection_154.png,1775528455.33
155,6066,/afs/ec.auckland.ac.nz/users/z/c/zcol623/unixhome/detection_155.png,1775528455.54
156,6073,/afs/ec.auckland.ac.nz/users/z/c/zcol623/unixhome/detection_156.png,1775528455.73
157,6088,/afs/ec.auckland.ac.nz/users/z/c/zcol623/unixhome/detection_157.png,1775528455.94
158,5977,/afs/ec.auckland.ac.nz/users/z/c/zcol623/unixhome/detection_158.png,1775528456.14
159,5920,/afs/ec.auckland.ac.nz/users/z/c/zcol623/unixhome/detection_159.png,1775528456.33
160,5984,/afs/ec.auckland.ac.nz/users/z/c/zcol623/unixhome/detection_160.png,1775528456.53
161,5908,/afs/ec.auckland.ac.nz/users/z/c/zcol623/unixhome/detection_161.png,1775528456.74
162,5751,/afs/ec.auckland.ac.nz/users/z/c/zcol623/unixhome/detection_162.png,1775528456.93
163,5624,/afs/ec.auckland.ac.nz/users/z/c/zcol623/unixhome/detection_163.png,1775528457.14
164,5490,/afs/ec.auckland.ac.nz/users/z/c/zcol623/unixhome/detection_164.png,1775528457.34
165,5461,/afs/ec.auckland.ac.nz/users/z/c/zcol623/unixhome/detection_165.png,1775528457.53
166,5673,/afs/ec.auckland.ac.nz/users/z/c/zcol623/unixhome/detection_166.png,1775528457.73
167,6209,/afs/ec.auckland.ac.nz/users/z/c/zcol623/unixhome/detection_167.png,1775528457.94
168,5096,/afs/ec.auckland.ac.nz/users/z/c/zcol623/unixhome/detection_168.png,1775528458.14
169,5169,/afs/ec.auckland.ac.nz/users/z/c/zcol623/unixhome/detection_169.png,1775528458.33
170,5455,/afs/ec.auckland.ac.nz/users/z/c/zcol623/unixhome/detection_170.png,1775528458.53
171,4149,/afs/ec.auckland.ac.nz/users/z/c/zcol623/unixhome/detection_171.png,1775528458.73
172,5739,/afs/ec.auckland.ac.nz/users/z/c/zcol623/unixhome/detection_172.png,1775528458.96
173,6210,/afs/ec.auckland.ac.nz/users/z/c/zcol623/unixhome/detection_173.png,1775528459.14
174,5760,/afs/ec.auckland.ac.nz/users/z/c/zcol623/unixhome/detection_174.png,1775528459.33
175,5596,/afs/ec.auckland.ac.nz/users/z/c/zcol623/unixhome/detection_175.png,1775528459.53
176,4618,/afs/ec.auckland.ac.nz/users/z/c/zcol623/unixhome/detection_176.png,1775528459.73
177,3489,/afs/ec.auckland.ac.nz/users/z/c/zcol623/unixhome/detection_177.png,1775528459.94
178,3250,/afs/ec.auckland.ac.nz/users/z/c/zcol623/unixhome/detection_178.png,1775528460.13
179,4737,/afs/ec.auckland.ac.nz/users/z/c/zcol623/unixhome/detection_179.png,1775528460.33
180,1895,/afs/ec.auckland.ac.nz/users/z/c/zcol623/unixhome/detection_180.png,1775528461.73
181,2550,/afs/ec.auckland.ac.nz/users/z/c/zcol623/unixhome/detection_181.png,1775528461.93
182,2783,/afs/ec.auckland.ac.nz/users/z/c/zcol623/unixhome/detection_182.png,1775528462.14
183,2760,/afs/ec.auckland.ac.nz/users/z/c/zcol623/unixhome/detection_183.png,1775528462.33
184,2888,/afs/ec.auckland.ac.nz/users/z/c/zcol623/unixhome/detection_184.png,1775528462.53
185,2902,/afs/ec.auckland.ac.nz/users/z/c/zcol623/unixhome/detection_185.png,1775528462.73
186,2950,/afs/ec.auckland.ac.nz/users/z/c/zcol623/unixhome/detection_186.png,1775528462.93
187,2943,/afs/ec.auckland.ac.nz/users/z/c/zcol623/unixhome/detection_187.png,1775528463.13
188,2928,/afs/ec.auckland.ac.nz/users/z/c/zcol623/unixhome/detection_188.png,1775528463.34
189,2914,/afs/ec.auckland.ac.nz/users/z/c/zcol623/unixhome/detection_189.png,1775528463.54
190,2941,/afs/ec.auckland.ac.nz/users/z/c/zcol623/unixhome/detection_190.png,1775528463.74
191,2929,/afs/ec.auckland.ac.nz/users/z/c/zcol623/unixhome/detection_191.png,1775528463.94
192,2930,/afs/ec.auckland.ac.nz/users/z/c/zcol623/unixhome/detection_192.png,1775528464.14
193,2940,/afs/ec.auckland.ac.nz/users/z/c/zcol623/unixhome/detection_193.png,1775528464.34
194,2908,/afs/ec.auckland.ac.nz/users/z/c/zcol623/unixhome/detection_194.png,1775528464.54
195,2876,/afs/ec.auckland.ac.nz/users/z/c/zcol623/unixhome/detection_195.png,1775528464.74
196,2856,/afs/ec.auckland.ac.nz/users/z/c/zcol623/unixhome/detection_196.png,1775528464.94
197,2897,/afs/ec.auckland.ac.nz/users/z/c/zcol623/unixhome/detection_197.png,1775528465.14
198,2870,/afs/ec.auckland.ac.nz/users/z/c/zcol623/unixhome/detection_198.png,1775528465.34
199,2879,/afs/ec.auckland.ac.nz/users/z/c/zcol623/unixhome/detection_199.png,1775528465.53
200,2890,/afs/ec.auckland.ac.nz/users/z/c/zcol623/unixhome/detection_200.png,1775528465.74
201,2893,/afs/ec.auckland.ac.nz/users/z/c/zcol623/unixhome/detection_201.png,1775528465.93
202,2901,/afs/ec.auckland.ac.nz/users/z/c/zcol623/unixhome/detection_202.png,1775528466.12
203,2887,/afs/ec.auckland.ac.nz/users/z/c/zcol623/unixhome/detection_203.png,1775528466.33
204,2894,/afs/ec.auckland.ac.nz/users/z/c/zcol623/unixhome/detection_204.png,1775528466.53
205,2900,/afs/ec.auckland.ac.nz/users/z/c/zcol623/unixhome/detection_205.png,1775528466.73
206,2887,/afs/ec.auckland.ac.nz/users/z/c/zcol623/unixhome/detection_206.png,1775528466.93
207,2894,/afs/ec.auckland.ac.nz/users/z/c/zcol623/unixhome/detection_207.png,1775528467.13
208,2877,/afs/ec.auckland.ac.nz/users/z/c/zcol623/unixhome/detection_208.png,1775528467.33
209,2885,/afs/ec.auckland.ac.nz/users/z/c/zcol623/unixhome/detection_209.png,1775528467.53
210,2899,/afs/ec.auckland.ac.nz/users/z/c/zcol623/unixhome/detection_210.png,1775528467.74
211,2881,/afs/ec.auckland.ac.nz/users/z/c/zcol623/unixhome/detection_211.png,1775528467.93
212,2891,/afs/ec.auckland.ac.nz/users/z/c/zcol623/unixhome/detection_212.png,1775528468.13
213,2873,/afs/ec.auckland.ac.nz/users/z/c/zcol623/unixhome/detection_213.png,1775528468.34
214,2846,/afs/ec.auckland.ac.nz/users/z/c/zcol623/unixhome/detection_214.png,1775528468.54
215,2821,/afs/ec.auckland.ac.nz/users/z/c/zcol623/unixhome/detection_215.png,1775528468.74
216,2844,/afs/ec.auckland.ac.nz/users/z/c/zcol623/unixhome/detection_216.png,1775528468.94
217,2843,/afs/ec.auckland.ac.nz/users/z/c/zcol623/unixhome/detection_217.png,1775528469.14
218,2838,/afs/ec.auckland.ac.nz/users/z/c/zcol623/unixhome/detection_218.png,1775528469.34
219,2842,/afs/ec.auckland.ac.nz/users/z/c/zcol623/unixhome/detection_219.png,1775528469.53
220,2839,/afs/ec.auckland.ac.nz/users/z/c/zcol623/unixhome/detection_220.png,1775528469.73
221,2847,/afs/ec.auckland.ac.nz/users/z/c/zcol623/unixhome/detection_221.png,1775528469.93
222,2870,/afs/ec.auckland.ac.nz/users/z/c/zcol623/unixhome/detection_222.png,1775528470.13
223,2852,/afs/ec.auckland.ac.nz/users/z/c/zcol623/unixhome/detection_223.png,1775528470.32
224,2865,/afs/ec.auckland.ac.nz/users/z/c/zcol623/unixhome/detection_224.png,1775528470.54
225,2825,/afs/ec.auckland.ac.nz/users/z/c/zcol623/unixhome/detection_225.png,1775528470.73
226,2886,/afs/ec.auckland.ac.nz/users/z/c/zcol623/unixhome/detection_226.png,1775528470.93
227,2866,/afs/ec.auckland.ac.nz/users/z/c/zcol623/unixhome/detection_227.png,1775528471.14
228,2863,/afs/ec.auckland.ac.nz/users/z/c/zcol623/unixhome/detection_228.png,1775528471.33
229,3362,/afs/ec.auckland.ac.nz/users/z/c/zcol623/unixhome/detection_229.png,1775528471.54
230,4255,/afs/ec.auckland.ac.nz/users/z/c/zcol623/unixhome/detection_230.png,1775528471.76
231,624,/afs/ec.auckland.ac.nz/users/z/c/zcol623/unixhome/detection_231.png,1775528473.13
232,649,/afs/ec.auckland.ac.nz/users/z/c/zcol623/unixhome/detection_232.png,1775528473.33
233,541,/afs/ec.auckland.ac.nz/users/z/c/zcol623/unixhome/detection_233.png,1775528473.92
234,686,/afs/ec.auckland.ac.nz/users/z/c/zcol623/unixhome/detection_234.png,1775528474.74
235,593,/afs/ec.auckland.ac.nz/users/z/c/zcol623/unixhome/detection_235.png,1775528535.73
236,588,/afs/ec.auckland.ac.nz/users/z/c/zcol623/unixhome/detection_236.png,1775528535.93
237,529,/afs/ec.auckland.ac.nz/users/z/c/zcol623/unixhome/detection_237.png,1775528536.12
238,675,/afs/ec.auckland.ac.nz/users/z/c/zcol623/unixhome/detection_238.png,1775528536.33
239,699,/afs/ec.auckland.ac.nz/users/z/c/zcol623/unixhome/detection_239.png,1775528536.53
240,849,/afs/ec.auckland.ac.nz/users/z/c/zcol623/unixhome/detection_240.png,1775528536.73
241,1002,/afs/ec.auckland.ac.nz/users/z/c/zcol623/unixhome/detection_241.png,1775528536.93
242,1135,/afs/ec.auckland.ac.nz/users/z/c/zcol623/unixhome/detection_242.png,1775528537.13
243,1068,/afs/ec.auckland.ac.nz/users/z/c/zcol623/unixhome/detection_243.png,1775528537.33
244,1228,/afs/ec.auckland.ac.nz/users/z/c/zcol623/unixhome/detection_244.png,1775528537.52
245,951,/afs/ec.auckland.ac.nz/users/z/c/zcol623/unixhome/detection_245.png,1775528537.73
246,1187,/afs/ec.auckland.ac.nz/users/z/c/zcol623/unixhome/detection_246.png,1775528537.94
247,1168,/afs/ec.auckland.ac.nz/users/z/c/zcol623/unixhome/detection_247.png,1775528538.14
248,1270,/afs/ec.auckland.ac.nz/users/z/c/zcol623/unixhome/detection_248.png,1775528538.33
249,1179,/afs/ec.auckland.ac.nz/users/z/c/zcol623/unixhome/detection_249.png,1775528538.53
250,1370,/afs/ec.auckland.ac.nz/users/z/c/zcol623/unixhome/detection_250.png,1775528538.74
251,1352,/afs/ec.auckland.ac.nz/users/z/c/zcol623/unixhome/detection_251.png,1775528538.93
252,1218,/afs/ec.auckland.ac.nz/users/z/c/zcol623/unixhome/detection_252.png,1775528539.13
253,1139,/afs/ec.auckland.ac.nz/users/z/c/zcol623/unixhome/detection_253.png,1775528539.34
254,1142,/afs/ec.auckland.ac.nz/users/z/c/zcol623/unixhome/detection_254.png,1775528539.53
255,1193,/afs/ec.auckland.ac.nz/users/z/c/zcol623/unixhome/detection_255.png,1775528539.73
256,1129,/afs/ec.auckland.ac.nz/users/z/c/zcol623/unixhome/detection_256.png,1775528539.93
257,1082,/afs/ec.auckland.ac.nz/users/z/c/zcol623/unixhome/detection_257.png,1775528540.13
258,971,/afs/ec.auckland.ac.nz/users/z/c/zcol623/unixhome/detection_258.png,1775528540.34
259,753,/afs/ec.auckland.ac.nz/users/z/c/zcol623/unixhome/detection_259.png,1775528540.53
260,749,/afs/ec.auckland.ac.nz/users/z/c/zcol623/unixhome/detection_260.png,1775528540.73
261,749,/afs/ec.auckland.ac.nz/users/z/c/zcol623/unixhome/detection_261.png,1775528540.94
262,755,/afs/ec.auckland.ac.nz/users/z/c/zcol623/unixhome/detection_262.png,1775528541.13
263,763,/afs/ec.auckland.ac.nz/users/z/c/zcol623/unixhome/detection_263.png,1775528541.33
264,800,/afs/ec.auckland.ac.nz/users/z/c/zcol623/unixhome/detection_264.png,1775528541.53
265,795,/afs/ec.auckland.ac.nz/users/z/c/zcol623/unixhome/detection_265.png,1775528541.74
266,800,/afs/ec.auckland.ac.nz/users/z/c/zcol623/unixhome/detection_266.png,1775528541.94
267,797,/afs/ec.auckland.ac.nz/users/z/c/zcol623/unixhome/detection_267.png,1775528542.13
268,802,/afs/ec.auckland.ac.nz/users/z/c/zcol623/unixhome/detection_268.png,1775528542.34
269,810,/afs/ec.auckland.ac.nz/users/z/c/zcol623/unixhome/detection_269.png,1775528542.53
270,805,/afs/ec.auckland.ac.nz/users/z/c/zcol623/unixhome/detection_270.png,1775528542.74
271,800,/afs/ec.auckland.ac.nz/users/z/c/zcol623/unixhome/detection_271.png,1775528542.94
272,808,/afs/ec.auckland.ac.nz/users/z/c/zcol623/unixhome/detection_272.png,1775528543.13
273,787,/afs/ec.auckland.ac.nz/users/z/c/zcol623/unixhome/detection_273.png,1775528543.32
274,791,/afs/ec.auckland.ac.nz/users/z/c/zcol623/unixhome/detection_274.png,1775528543.54
275,802,/afs/ec.auckland.ac.nz/users/z/c/zcol623/unixhome/detection_275.png,1775528543.74
276,795,/afs/ec.auckland.ac.nz/users/z/c/zcol623/unixhome/detection_276.png,1775528543.94
277,807,/afs/ec.auckland.ac.nz/users/z/c/zcol623/unixhome/detection_277.png,1775528544.13
278,791,/afs/ec.auckland.ac.nz/users/z/c/zcol623/unixhome/detection_278.png,1775528544.34
279,803,/afs/ec.auckland.ac.nz/users/z/c/zcol623/unixhome/detection_279.png,1775528544.53
280,795,/afs/ec.auckland.ac.nz/users/z/c/zcol623/unixhome/detection_280.png,1775528544.73
281,805,/afs/ec.auckland.ac.nz/users/z/c/zcol623/unixhome/detection_281.png,1775528544.94
282,812,/afs/ec.auckland.ac.nz/users/z/c/zcol623/unixhome/detection_282.png,1775528545.14
283,813,/afs/ec.auckland.ac.nz/users/z/c/zcol623/unixhome/detection_283.png,1775528545.33
284,803,/afs/ec.auckland.ac.nz/users/z/c/zcol623/unixhome/detection_284.png,1775528545.53
285,815,/afs/ec.auckland.ac.nz/users/z/c/zcol623/unixhome/detection_285.png,1775528545.74
286,813,/afs/ec.auckland.ac.nz/users/z/c/zcol623/unixhome/detection_286.png,1775528545.93
287,811,/afs/ec.auckland.ac.nz/users/z/c/zcol623/unixhome/detection_287.png,1775528546.14
288,812,/afs/ec.auckland.ac.nz/users/z/c/zcol623/unixhome/detection_288.png,1775528546.33
289,825,/afs/ec.auckland.ac.nz/users/z/c/zcol623/unixhome/detection_289.png,1775528546.54
290,814,/afs/ec.auckland.ac.nz/users/z/c/zcol623/unixhome/detection_290.png,1775528546.73
291,815,/afs/ec.auckland.ac.nz/users/z/c/zcol623/unixhome/detection_291.png,1775528546.94
292,812,/afs/ec.auckland.ac.nz/users/z/c/zcol623/unixhome/detection_292.png,1775528547.13
293,804,/afs/ec.auckland.ac.nz/users/z/c/zcol623/unixhome/detection_293.png,1775528547.33
294,806,/afs/ec.auckland.ac.nz/users/z/c/zcol623/unixhome/detection_294.png,1775528547.52
295,797,/afs/ec.auckland.ac.nz/users/z/c/zcol623/unixhome/detection_295.png,1775528547.72
296,803,/afs/ec.auckland.ac.nz/users/z/c/zcol623/unixhome/detection_296.png,1775528547.93
297,802,/afs/ec.auckland.ac.nz/users/z/c/zcol623/unixhome/detection_297.png,1775528548.13
298,796,/afs/ec.auckland.ac.nz/users/z/c/zcol623/unixhome/detection_298.png,1775528548.34
299,814,/afs/ec.auckland.ac.nz/users/z/c/zcol623/unixhome/detection_299.png,1775528548.53
300,815,/afs/ec.auckland.ac.nz/users/z/c/zcol623/unixhome/detection_300.png,1775528548.73
301,814,/afs/ec.auckland.ac.nz/users/z/c/zcol623/unixhome/detection_301.png,1775528548.94
302,804,/afs/ec.auckland.ac.nz/users/z/c/zcol623/unixhome/detection_302.png,1775528549.14
303,801,/afs/ec.auckland.ac.nz/users/z/c/zcol623/unixhome/detection_303.png,1775528549.36
304,794,/afs/ec.auckland.ac.nz/users/z/c/zcol623/unixhome/detection_304.png,1775528549.54
305,797,/afs/ec.auckland.ac.nz/users/z/c/zcol623/unixhome/detection_305.png,1775528549.73
306,799,/afs/ec.auckland.ac.nz/users/z/c/zcol623/unixhome/detection_306.png,1775528549.94
307,792,/afs/ec.auckland.ac.nz/users/z/c/zcol623/unixhome/detection_307.png,1775528550.14
308,805,/afs/ec.auckland.ac.nz/users/z/c/zcol623/unixhome/detection_308.png,1775528550.33
309,804,/afs/ec.auckland.ac.nz/users/z/c/zcol623/unixhome/detection_309.png,1775528550.53
310,826,/afs/ec.auckland.ac.nz/users/z/c/zcol623/unixhome/detection_310.png,1775528550.74
311,815,/afs/ec.auckland.ac.nz/users/z/c/zcol623/unixhome/detection_311.png,1775528550.94
312,795,/afs/ec.auckland.ac.nz/users/z/c/zcol623/unixhome/detection_312.png,1775528551.14
313,825,/afs/ec.auckland.ac.nz/users/z/c/zcol623/unixhome/detection_313.png,1775528551.34
314,802,/afs/ec.auckland.ac.nz/users/z/c/zcol623/unixhome/detection_314.png,1775528551.53
315,823,/afs/ec.auckland.ac.nz/users/z/c/zcol623/unixhome/detection_315.png,1775528551.72
316,809,/afs/ec.auckland.ac.nz/users/z/c/zcol623/unixhome/detection_316.png,1775528551.94
317,808,/afs/ec.auckland.ac.nz/users/z/c/zcol623/unixhome/detection_317.png,1775528552.14
318,814,/afs/ec.auckland.ac.nz/users/z/c/zcol623/unixhome/detection_318.png,1775528552.34
319,805,/afs/ec.auckland.ac.nz/users/z/c/zcol623/unixhome/detection_319.png,1775528552.54
320,801,/afs/ec.auckland.ac.nz/users/z/c/zcol623/unixhome/detection_320.png,1775528552.74
321,809,/afs/ec.auckland.ac.nz/users/z/c/zcol623/unixhome/detection_321.png,1775528552.94
322,813,/afs/ec.auckland.ac.nz/users/z/c/zcol623/unixhome/detection_322.png,1775528553.13
323,801,/afs/ec.auckland.ac.nz/users/z/c/zcol623/unixhome/detection_323.png,1775528553.33
324,804,/afs/ec.auckland.ac.nz/users/z/c/zcol623/unixhome/detection_324.png,1775528553.54
325,817,/afs/ec.auckland.ac.nz/users/z/c/zcol623/unixhome/detection_325.png,1775528553.72
326,807,/afs/ec.auckland.ac.nz/users/z/c/zcol623/unixhome/detection_326.png,1775528553.94
327,807,/afs/ec.auckland.ac.nz/users/z/c/zcol623/unixhome/detection_327.png,1775528554.14
328,809,/afs/ec.auckland.ac.nz/users/z/c/zcol623/unixhome/detection_328.png,1775528554.36
329,804,/afs/ec.auckland.ac.nz/users/z/c/zcol623/unixhome/detection_329.png,1775528554.53
330,820,/afs/ec.auckland.ac.nz/users/z/c/zcol623/unixhome/detection_330.png,1775528554.74
331,798,/afs/ec.auckland.ac.nz/users/z/c/zcol623/unixhome/detection_331.png,1775528554.93
332,800,/afs/ec.auckland.ac.nz/users/z/c/zcol623/unixhome/detection_332.png,1775528555.14
333,791,/afs/ec.auckland.ac.nz/users/z/c/zcol623/unixhome/detection_333.png,1775528555.34
334,802,/afs/ec.auckland.ac.nz/users/z/c/zcol623/unixhome/detection_334.png,1775528555.54
335,799,/afs/ec.auckland.ac.nz/users/z/c/zcol623/unixhome/detection_335.png,1775528555.74
336,795,/afs/ec.auckland.ac.nz/users/z/c/zcol623/unixhome/detection_336.png,1775528555.93
337,810,/afs/ec.auckland.ac.nz/users/z/c/zcol623/unixhome/detection_337.png,1775528556.14
338,804,/afs/ec.auckland.ac.nz/users/z/c/zcol623/unixhome/detection_338.png,1775528556.34
339,806,/afs/ec.auckland.ac.nz/users/z/c/zcol623/unixhome/detection_339.png,1775528556.54
340,805,/afs/ec.auckland.ac.nz/users/z/c/zcol623/unixhome/detection_340.png,1775528556.74
341,798,/afs/ec.auckland.ac.nz/users/z/c/zcol623/unixhome/detection_341.png,1775528556.98
342,792,/afs/ec.auckland.ac.nz/users/z/c/zcol623/unixhome/detection_342.png,1775528557.14
343,807,/afs/ec.auckland.ac.nz/users/z/c/zcol623/unixhome/detection_343.png,1775528557.34
344,794,/afs/ec.auckland.ac.nz/users/z/c/zcol623/unixhome/detection_344.png,1775528557.54
345,798,/afs/ec.auckland.ac.nz/users/z/c/zcol623/unixhome/detection_345.png,1775528557.74
346,793,/afs/ec.auckland.ac.nz/users/z/c/zcol623/unixhome/detection_346.png,1775528557.93
347,799,/afs/ec.auckland.ac.nz/users/z/c/zcol623/unixhome/detection_347.png,1775528558.14
348,792,/afs/ec.auckland.ac.nz/users/z/c/zcol623/unixhome/detection_348.png,1775528558.34
349,798,/afs/ec.auckland.ac.nz/users/z/c/zcol623/unixhome/detection_349.png,1775528558.54
350,799,/afs/ec.auckland.ac.nz/users/z/c/zcol623/unixhome/detection_350.png,1775528558.74
351,795,/afs/ec.auckland.ac.nz/users/z/c/zcol623/unixhome/detection_351.png,1775528558.94
352,803,/afs/ec.auckland.ac.nz/users/z/c/zcol623/unixhome/detection_352.png,1775528559.14
353,800,/afs/ec.auckland.ac.nz/users/z/c/zcol623/unixhome/detection_353.png,1775528559.33
354,805,/afs/ec.auckland.ac.nz/users/z/c/zcol623/unixhome/detection_354.png,1775528559.54
355,806,/afs/ec.auckland.ac.nz/users/z/c/zcol623/unixhome/detection_355.png,1775528559.74
356,805,/afs/ec.auckland.ac.nz/users/z/c/zcol623/unixhome/detection_356.png,1775528559.94
357,790,/afs/ec.auckland.ac.nz/users/z/c/zcol623/unixhome/detection_357.png,1775528560.14
358,798,/afs/ec.auckland.ac.nz/users/z/c/zcol623/unixhome/detection_358.png,1775528560.34
359,797,/afs/ec.auckland.ac.nz/users/z/c/zcol623/unixhome/detection_359.png,1775528560.54
360,790,/afs/ec.auckland.ac.nz/users/z/c/zcol623/unixhome/detection_360.png,1775528560.74
361,798,/afs/ec.auckland.ac.nz/users/z/c/zcol623/unixhome/detection_361.png,1775528560.94
362,789,/afs/ec.auckland.ac.nz/users/z/c/zcol623/unixhome/detection_362.png,1775528561.14
363,800,/afs/ec.auckland.ac.nz/users/z/c/zcol623/unixhome/detection_363.png,1775528561.34
364,794,/afs/ec.auckland.ac.nz/users/z/c/zcol623/unixhome/detection_364.png,1775528561.53
365,789,/afs/ec.auckland.ac.nz/users/z/c/zcol623/unixhome/detection_365.png,1775528561.73
366,795,/afs/ec.auckland.ac.nz/users/z/c/zcol623/unixhome/detection_366.png,1775528561.94
367,792,/afs/ec.auckland.ac.nz/users/z/c/zcol623/unixhome/detection_367.png,1775528562.12
368,790,/afs/ec.auckland.ac.nz/users/z/c/zcol623/unixhome/detection_368.png,1775528562.34
369,800,/afs/ec.auckland.ac.nz/users/z/c/zcol623/unixhome/detection_369.png,1775528562.54
370,794,/afs/ec.auckland.ac.nz/users/z/c/zcol623/unixhome/detection_370.png,1775528562.74
371,793,/afs/ec.auckland.ac.nz/users/z/c/zcol623/unixhome/detection_371.png,1775528562.94
372,786,/afs/ec.auckland.ac.nz/users/z/c/zcol623/unixhome/detection_372.png,1775528563.14
373,797,/afs/ec.auckland.ac.nz/users/z/c/zcol623/unixhome/detection_373.png,1775528563.34
374,806,/afs/ec.auckland.ac.nz/users/z/c/zcol623/unixhome/detection_374.png,1775528563.53
375,802,/afs/ec.auckland.ac.nz/users/z/c/zcol623/unixhome/detection_375.png,1775528563.74
376,787,/afs/ec.auckland.ac.nz/users/z/c/zcol623/unixhome/detection_376.png,1775528563.94
377,785,/afs/ec.auckland.ac.nz/users/z/c/zcol623/unixhome/detection_377.png,1775528564.14
378,786,/afs/ec.auckland.ac.nz/users/z/c/zcol623/unixhome/detection_378.png,1775528564.34
379,796,/afs/ec.auckland.ac.nz/users/z/c/zcol623/unixhome/detection_379.png,1775528564.56
380,795,/afs/ec.auckland.ac.nz/users/z/c/zcol623/unixhome/detection_380.png,1775528564.73
381,797,/afs/ec.auckland.ac.nz/users/z/c/zcol623/unixhome/detection_381.png,1775528564.94
382,787,/afs/ec.auckland.ac.nz/users/z/c/zcol623/unixhome/detection_382.png,1775528565.14
383,801,/afs/ec.auckland.ac.nz/users/z/c/zcol623/unixhome/detection_383.png,1775528565.33
384,787,/afs/ec.auckland.ac.nz/users/z/c/zcol623/unixhome/detection_384.png,1775528565.54
385,802,/afs/ec.auckland.ac.nz/users/z/c/zcol623/unixhome/detection_385.png,1775528565.74
386,774,/afs/ec.auckland.ac.nz/users/z/c/zcol623/unixhome/detection_386.png,1775528566.13
387,738,/afs/ec.auckland.ac.nz/users/z/c/zcol623/unixhome/detection_387.png,1775528566.33
388,618,/afs/ec.auckland.ac.nz/users/z/c/zcol623/unixhome/detection_388.png,1775528566.53
389,745,/afs/ec.auckland.ac.nz/users/z/c/zcol623/unixhome/detection_389.png,1775528567.53
390,641,/afs/ec.auckland.ac.nz/users/z/c/zcol623/unixhome/detection_390.png,1775528567.73
391,589,/afs/ec.auckland.ac.nz/users/z/c/zcol623/unixhome/detection_391.png,1775528567.94
392,591,/afs/ec.auckland.ac.nz/users/z/c/zcol623/unixhome/detection_392.png,1775528568.14
393,597,/afs/ec.auckland.ac.nz/users/z/c/zcol623/unixhome/detection_393.png,1775528568.33
394,529,/afs/ec.auckland.ac.nz/users/z/c/zcol623/unixhome/detection_394.png,1775528570.74
395,548,/afs/ec.auckland.ac.nz/users/z/c/zcol623/unixhome/detection_395.png,1775528570.94
396,517,/afs/ec.auckland.ac.nz/users/z/c/zcol623/unixhome/detection_396.png,1775528571.13
397,508,/afs/ec.auckland.ac.nz/users/z/c/zcol623/unixhome/detection_397.png,1775528573.53
398,627,/afs/ec.auckland.ac.nz/users/z/c/zcol623/unixhome/detection_398.png,1775528574.13
399,584,/afs/ec.auckland.ac.nz/users/z/c/zcol623/unixhome/detection_399.png,1775528574.74
1,967,/afs/ec.auckland.ac.nz/users/z/c/zcol623/unixhome/detection_1.png,1775528772.14
2,981,/afs/ec.auckland.ac.nz/users/z/c/zcol623/unixhome/detection_2.png,1775528772.32
3,992,/afs/ec.auckland.ac.nz/users/z/c/zcol623/unixhome/detection_3.png,1775528772.54
4,979,/afs/ec.auckland.ac.nz/users/z/c/zcol623/unixhome/detection_4.png,1775528772.73
5,1011,/afs/ec.auckland.ac.nz/users/z/c/zcol623/unixhome/detection_5.png,1775528772.94
6,991,/afs/ec.auckland.ac.nz/users/z/c/zcol623/unixhome/detection_6.png,1775528773.14
7,973,/afs/ec.auckland.ac.nz/users/z/c/zcol623/unixhome/detection_7.png,1775528773.33
8,989,/afs/ec.auckland.ac.nz/users/z/c/zcol623/unixhome/detection_8.png,1775528773.53
9,968,/afs/ec.auckland.ac.nz/users/z/c/zcol623/unixhome/detection_9.png,1775528773.74
10,979,/afs/ec.auckland.ac.nz/users/z/c/zcol623/unixhome/detection_10.png,1775528773.93
11,958,/afs/ec.auckland.ac.nz/users/z/c/zcol623/unixhome/detection_11.png,1775528774.14
12,964,/afs/ec.auckland.ac.nz/users/z/c/zcol623/unixhome/detection_12.png,1775528774.33
13,962,/afs/ec.auckland.ac.nz/users/z/c/zcol623/unixhome/detection_13.png,1775528774.54
14,971,/afs/ec.auckland.ac.nz/users/z/c/zcol623/unixhome/detection_14.png,1775528774.74
15,982,/afs/ec.auckland.ac.nz/users/z/c/zcol623/unixhome/detection_15.png,1775528774.93
16,966,/afs/ec.auckland.ac.nz/users/z/c/zcol623/unixhome/detection_16.png,1775528775.13
17,970,/afs/ec.auckland.ac.nz/users/z/c/zcol623/unixhome/detection_17.png,1775528775.34
18,983,/afs/ec.auckland.ac.nz/users/z/c/zcol623/unixhome/detection_18.png,1775528775.53
19,969,/afs/ec.auckland.ac.nz/users/z/c/zcol623/unixhome/detection_19.png,1775528775.74
20,971,/afs/ec.auckland.ac.nz/users/z/c/zcol623/unixhome/detection_20.png,1775528775.93
21,971,/afs/ec.auckland.ac.nz/users/z/c/zcol623/unixhome/detection_21.png,1775528776.13
22,969,/afs/ec.auckland.ac.nz/users/z/c/zcol623/unixhome/detection_22.png,1775528776.34
23,959,/afs/ec.auckland.ac.nz/users/z/c/zcol623/unixhome/detection_23.png,1775528776.53
